"colonia","calle","No.Casa","C.P.","Ciudad"
"COLINAS DE ATEMAJAC","AV AURELIO ORTE",1176,45170,"zapopan"
"VILLAS SAN IGNACIO","PABLO QUIROGA",215,45180,"zapopan"
"FRACC HACIENDA LAS PALOMAS","CALLE DEL AGUA",365,45200,"zapopan"
"OBREROS D L CONSTRUC","ABEDUL",274,44900,"Guadalajara"
"SAN ANDRES","GOMEZ FARIAS",2319,44810,"Guadalajara"
"LA HACIENDITA","SAN MARTIN",2341,45230,"zapopan"
"UNIDAD MEXICO","CDA QUERETARO",278,45120,"zapopan"
"BOSQUES D L VICTORIA","FAUNA",2765,44540,"Guadalajara"
"RESIDENCIAL AZALEAS","SERVIDOR PUBLIC",1425,45230,"zapopan"
"LADRON DE GUEVARA","AVENIDA AMERICA",620,44600,"Guadalajara"
"RESIDENCIAL GUADALUP","MISION SAN PATR",350,45030,"zapopan"
"SAN VICENTE","PUERTO SOTO LA",2280,44330,"Guadalajara"
"LADRON DE GUEVARA","AVENIDA MEXICO",2582,44600,"Guadalajara"
"LA FLORESTA DEL COLLI","BOULEVARD PUERT",26,45116,"zapopan"
"PARAISOS DEL COLLY","GALEANA",1068,45069,"zapopan"
"ECHEVERRIA","JOSE ARTEAGA",2985,44970,"Guadalajara"
"LA AURORA","SALVADOR LOPEZ",1750,44790,"Guadalajara"
"EL ZAPOTE","TEZOZOMOC",4357,45050,"zapopan"
"PROGRESO","FRANCISCO SARAB",235,44730,"Guadalajara"
"TALPITA","SANTO TOMAS",1786,44719,"Guadalajara"
"JARDINES D NVO MEXIC","SEXTA PTE",535,45138,"zapopan"
"TABACHINES","PASEO DE LOS CH",3040,45188,"zapopan"
"VILLAS SAN IGNACIO","PRIV LUIS G MON",337,45180,"zapopan"
"AMERICANA","MEXICALLTZINGO",1944,44160,"Guadalajara"
"OBLATOS","AV JUAN PABLO L",3165,44700,"Guadalajara"
"LA AURORA","JARDINES DE BAB",20,44790,"Guadalajara"
"RNDA DE PAZ","ALBANILES",543,44860,"Guadalajara"
"LA PALMITA","MANUEL GONZALEZ",518,45180,"zapopan"
"COLINAS DEL REY","AV TORREMOLINOS",3500,45130,"zapopan"
"RINCONADA DL AUDITOR","ALBERTO CINTA",39,45180,"zapopan"
"LA CAMPESINA","JOSE MARIA SARM",1488,44769,"Guadalajara"
"MIGUEL HIDALGO","15 DE SEPTIEMBR",3017,45186,"zapopan"
"LOMAS DE POLANCO","JOSE CARRILLO",3528,44960,"Guadalajara"
"FRACC, LOS MOLINOS","CTO OBSIDIANA",39,45200,"zapopan"
"NUEVO MEXICO","6 DE ENERO",3239,45138,"zapopan"
"BENITO JUAREZ","ADOLFO LOPEZ MA",4754,45199,"zapopan"
"FRACC PALERMO","MARINA",204,45200,"zapopan"
"LA ESPERANZA","IGUALDAD",186,44300,"Guadalajara"
"COUNTRY CLUB","AV JORGE ALVARE",1535,44610,"Guadalajara"
"FRACC REAL DEL BOSQUE","BERROCAL",449,45130,"zapopan"
"RESIDENCIAL LA CRUZ","ISLA ABACO",3086,44950,"Guadalajara"
"MARAVILLA","MESA DEL NORTE",1272,44700,"Guadalajara"
"SAN VICENTE","MONTES MARCIANO",2173,44330,"Guadalajara"
"OBLATOS PONIENTE","JUAN PABLO II",3165,44700,"Guadalajara"
"RESIDENC LA ESTANCIA","WOLFANG AMADEUS",5552,45030,"zapopan"
"PARQUE REVOLUCION","AV MIGUEL HIDAL",469,44100,"Guadalajara"
"REAL DE TESISTAN","PASEO DE LA ARB",176,45200,"zapopan"
"SAN JUAN DE OCOTAN","MIGUEL MIRAMON",13,45019,"zapopan"
"JARDINES DE LOS POET","JOSE FERNANDEZ",3365,44820,"Guadalajara"
"REAL DE VALDEPE?S","ALAMBIQUE",51,45130,"zapopan"
"VILLA FONTANA DIAMANTE","AV LAS TORRES",1896,45200,"zapopan"
"PRADOS TEPEYAC","PRADO DE LAS RO",308,45050,"zapopan"
"BARRIO ANALCO","ABASOLO",147,44450,"Guadalajara"
"LOMAS DE POLANCO","RAMON ALCORTA",1597,44960,"Guadalajara"
"JARDINES DEL VERGEL","JARDIN DE NARDO",1527,45180,"zapopan"
"CONDOMINIO MALAGA","AV CENTRAL",1351,45117,"zapopan"
"GUADALUPANA","CELEDONIO PADIL",2162,44220,"Guadalajara"
"UNIDAD JARDINES SEAT","JARDINES DE LOS",1233,45180,"zapopan"
"FRACC CUSPIDE","CAMINO AL POTRE",1200,45200,"zapopan"
"OBLATOS PONIENTE","HACIENDA LA PUR",2415,44700,"Guadalajara"
"LOMAS DL VALLE VI UN","CANCER",3992,45129,"zapopan"
"VILLA FONTANA DIAMANTE","FUENTE GRAFITO",8884,45200,"zapopan"
"U H ATLAS","RIO VOLGA",1386,44870,"Guadalajara"
"INDIGENA D MEZQUITAN","18 DE MARZO",409,45190,"zapopan"
"MIRAVALLE","MAURICIO CAMPOS",512,44990,"Guadalajara"
"AYUNTAMIENTO","BERNARDO DE BAL",1170,44620,"Guadalajara"
"PASEOS DEL SOL","TOMAS BALCAZAR",5404,45079,"zapopan"
"NUEVO MEXICO","COPALITA",2711,45138,"zapopan"
"BARRANQUITAS","PINO SUAREZ",879,44270,"Guadalajara"
"GARIBAY","DAMASCO",785,44750,"Guadalajara"
"FRACC, LOS MOLINOS","PLATA",70,45200,"zapopan"
"FRACC MIRADOR D SN I","AV INDUSTRIA TE",2030,45133,"zapopan"
"ALTAMIRA","AV AMERICA",580,45160,"zapopan"
"EL CARMEN","FRANCISCO MARCO",2616,44980,"Guadalajara"
"FRACC REAL DEL BOSQUE","CALLE CAMPO REA",371,45130,"zapopan"
"RANCHO NUEVO","DOMINGO RAMIRE",1150,44240,"Guadalajara"
"OBLATOS PONIENTE","HDA LAS CRUCES",2158,44700,"Guadalajara"
"EL MANANTIAL S REFOR","AVDE LA PATRIA",202,44470,"Guadalajara"
"ARENALES TAPATIOS","DIAMANTE",114,45066,"zapopan"
"VALLE DE LOS MOLINOS","BERNA",75,45200,"zapopan"
"VICENTE GUERRERO","C CEDROS",15,45134,"zapopan"
"PENAL","PEDRO CELESTINO",482,44730,"Guadalajara"
"LOMAS DE MIRAMAR","PUERTO CHAMELA",314,45060,"zapopan"
"FEDERALISMO","MONTE HIMALAYA",1416,44350,"Guadalajara"
"18 DE MARZO","FAJA DE ORO",1783,44960,"Guadalajara"
"BLANCO Y CUELLAR","EMILIO RABAZA",2132,44730,"Guadalajara"
"SAN RAFAEL","CARLOS GONZALEZ",280,44810,"Guadalajara"
"VILLA FONTANA DIAMANTE","ARENISCA",1896,45200,"zapopan"
"ARENALES TAPATIOS","AV GUADALUPE",132,45066,"zapopan"
"EL BATAN","ALCALDE",288,45190,"zapopan"
"VIRREYES RESIDENCIAL","AV NACIONES UNI",6904,45110,"zapopan"
"LOMAS DEL PARADERO","LUIS QUINTANAR",746,44840,"Guadalajara"
"MESA DE LOS OCOTES","BETABEL",23,45189,"zapopan"
"SANTA ANA TEPETITLAN","HIDALGO",35,45230,"zapopan"
"EL ARENAL","PROLONGACION SA",43,45350,"zapopan"
"JARDINES D NVO MEXIC","SEGUNDA NORTE",5699,45138,"zapopan"
"GENERAL REAL","PENSADOR MEXICA",1070,44400,"Guadalajara"
"LA VENTA DEL ASTILLE","JILGEROS",33,45221,"zapopan"
"JARDINES DE LA PAZ","TEJEDORES",569,44860,"Guadalajara"
"MARAVILLA","HACIENDA DE GUA",1124,44700,"Guadalajara"
"LOMAS DE RIO VERDE","DEMOSTENES",3550,44720,"Guadalajara"
"SAN ANDRES","AVELINO M PRESA",3335,44810,"Guadalajara"
"LADRON DE GUEVARA","FRAY LUIS DE PA",443,44600,"Guadalajara"
"FRACC CUSPIDE","SENDA DEL OCOTE",22,45200,"zapopan"
"EL FORTIN","ALAMO",1359,45066,"zapopan"
"CAMPO REAL","AV CAMPO REAL P",353,45134,"zapopan"
"JARDINES DE STA ISAB","COMBATE DE SACR",228,44300,"Guadalajara"
"ARTESANOS","INDEPENDENCIA",919,44200,"Guadalajara"
"MIRAVALLE II","HERMENEGILDO BU",4308,44990,"Guadalajara"
"AGRICOLA","DALIA",138,45236,"zapopan"
"HERMOSA PROVIN ZO TE","TELEFONISTAS",3331,44770,"Guadalajara"
"VILLA VICENTE GUERRE","ISLA USTICA",3318,44860,"Guadalajara"
"EL BRISE?","PASEO DE LA MAT",200,45236,"zapopan"
"PARQUES DE ZAPOPAN","OPALO",14,45138,"zapopan"
"INF LA TUZANIA","AND OYAMELES",1124,45138,"zapopan"
"CONJ LOMAS ALTAS","PASEO DEL ARCO",4098,45128,"zapopan"
"U H FOVISSSTE ESTADI","LISBOA",28,44307,"Guadalajara"
"EL BATAN","ANDADOR AGUA AZ",44,45190,"zapopan"
"VILLA UNIVESITARIA","AV PATRIA",1446,45110,"zapopan"
"ECHEVERRIA","JOSE ROJO",958,44970,"Guadalajara"
"MESA COLORADA PTE","DELLI",1825,45189,"zapopan"
"SANTA MARIA","SAN MATEO",1407,44350,"Guadalajara"
"HOGARES GUADALAJARA","CIRCUNVALACION",258,44340,"Guadalajara"
"DIVISION DL NTE ZAP","FRANCISCO VILLA",27,45180,"zapopan"
"BEATRIZ HERNANDEZ","GAZA",1333,44760,"Guadalajara"
"RINCONADA DE HUENTITAN","JOSE MARIA CANA",5128,44250,"Guadalajara"
"POLANQUITO","MIGUEL MACIAS",3653,44969,"Guadalajara"
"12 DE DICIEMBRE","TRUENO",260,45068,"zapopan"
"LOMAS DEL CENTINELA","PASEO DEL OLMO",328,45187,"zapopan"
"CANTEROS","PRIVADA CANTERO",1564,45190,"zapopan"
"ZALATE II","OTILIO GONZALEZ",1116,44760,"Guadalajara"
"COLLY SITIO","ROMANA",6570,45036,"zapopan"
"LOMAS DE MIRAMAR","PUERTO TAMPICO",80,45060,"zapopan"
"EL COLLY URBANO I","MELCHOR OCAMPO",1233,45070,"zapopan"
"BATALLON SN PATRICIO","CALZADA INDEPEN",503,44300,"Guadalajara"
"TETLAN","JOSE RAMOS",4342,44820,"Guadalajara"
"HUENTITAN EL BAJO","VOLCAN VIRGEN",182,44250,"Guadalajara"
"MEZQUITAN COUNTRY","DIAGONAL NAJERA",1876,44260,"Guadalajara"
"BEATRIZ HERNANDEZ","MARGARITA GUTIE",3497,44760,"Guadalajara"
"INDEPENDENCIA","ROGELIO BACON",2280,44290,"Guadalajara"
"U H EL ZALATE","JOSE FERNANDEZ",1123,44760,"Guadalajara"
"ARENALES TAPATIOS","CROMITA",69,45066,"zapopan"
"BOSQUE ESCONDIDO","PASEO DE LOS AL",10,45180,"zapopan"
"DEL FRESNO","CIPRES",1738,44900,"Guadalajara"
"INDEPENDENCIA PTE","ROGELIO BACON",1676,44290,"Guadalajara"
"COPALITA","AV AMARANTO",175,45200,"zapopan"
"U. H. BENITO JUAREZ II","CREDITO",4049,44770,"Guadalajara"
"ELECTRICISTAS","RAMOS ARIZPE",451,44810,"Guadalajara"
"LA FLORESTA DEL COLLI","BOULEVARD PUERT",5430,45116,"zapopan"
"REAL DE TESISTAN","PRIVADA EMILIAN",28,45200,"zapopan"
